{
  "playlists": [
    {
      "name": "1",
      "lastModifiedDate": "2021-03-24",
      "items": [
        {
          "track": {
            "trackName": "ДУРАКАМ ВЕЗЁТ",
            "artistName": "ФОГЕЛЬ",
            "albumName": "ДУРАКАМ ВЕЗЁТ",
            "trackUri": "spotify:track:0dJaravwFK2NGJfu9scOPe"
          },
          "episode": null,
          "localTrack": null
        },
        {
          "track": {
            "trackName": "Выдыхаю боль",
            "artistName": "Даня Милохин",
            "albumName": "Выдыхаю боль",
            "trackUri": "spotify:track:5R9jHQJbEd3TfsfQ32VVoT"
          },
          "episode": null,
          "localTrack": null
        },
        {
          "track": {
            "trackName": "Тараканы (Remix)",
            "artistName": "PALC",
            "albumName": "Тараканы (Remix)",
            "trackUri": "spotify:track:0hKLANYYOiPrGMtDzntcpm"
          },
          "episode": null,
          "localTrack": null
        },
        {
          "track": {
            "trackName": "Влюбилась в друга",
            "artistName": "Абрикоса",
            "albumName": "Влюбилась в друга",
            "trackUri": "spotify:track:6BRWhFOlm3XUXI2NGkiDlp"
          },
          "episode": null,
          "localTrack": null
        },
        {
          "track": {
            "trackName": "Где ты, где я",
            "artistName": "Timati",
            "albumName": "Олимп",
            "trackUri": "spotify:track:2VBLIfWsoRMlodF2RLquXo"
          },
          "episode": null,
          "localTrack": null
        },
        {
          "track": {
            "trackName": "Самый дорогой человек",
            "artistName": "Нервы",
            "albumName": "Самый дорогой, Часть 1",
            "trackUri": "spotify:track:05p81rMDYdEPtcOnpK8xJ3"
          },
          "episode": null,
          "localTrack": null
        },
        {
          "track": {
            "trackName": "Уходи",
            "artistName": "Женя Отрадная",
            "albumName": "Уходи",
            "trackUri": "spotify:track:5TcCnATUVQW7VImjKTd7Oc"
          },
          "episode": null,
          "localTrack": null
        }
      ],
      "description": null,
      "numberOfFollowers": 0
    },
    {
      "name": "Король и Шут",
      "lastModifiedDate": "2021-02-14",
      "items": [
        {
          "track": {
            "trackName": "Дурак и молния",
            "artistName": "Korol i Shut",
            "albumName": "Камнем по голове",
            "trackUri": "spotify:track:1aAcW69jxv3pp3I84oZGqP"
          },
          "episode": null,
          "localTrack": null
        },
        {
          "track": {
            "trackName": "Кукла колдуна",
            "artistName": "Korol i Shut",
            "albumName": "Акустический альбом",
            "trackUri": "spotify:track:2DYzsMQpO7xOw7b3JwyIWP"
          },
          "episode": null,
          "localTrack": null
        },
        {
          "track": {
            "trackName": "Наблюдатель",
            "artistName": "Korol i Shut",
            "albumName": "Акустический альбом",
            "trackUri": "spotify:track:6hLUfS543O5gIZxxinqQua"
          },
          "episode": null,
          "localTrack": null
        },
        {
          "track": {
            "trackName": "Бедняжка",
            "artistName": "Korol i Shut",
            "albumName": "Акустический альбом",
            "trackUri": "spotify:track:1kF3KnAhFam2prYzDzy8SN"
          },
          "episode": null,
          "localTrack": null
        },
        {
          "track": {
            "trackName": "Прыгну со скалы",
            "artistName": "Korol i Shut",
            "albumName": "Акустический альбом",
            "trackUri": "spotify:track:4sIIHmcTHgi8gezH2ShNxl"
          },
          "episode": null,
          "localTrack": null
        },
        {
          "track": {
            "trackName": "Девушка и граф",
            "artistName": "Korol i Shut",
            "albumName": "Акустический альбом",
            "trackUri": "spotify:track:6Kj8wWZIpHs8Otv1y7ix7c"
          },
          "episode": null,
          "localTrack": null
        },
        {
          "track": {
            "trackName": "Песня мушкетеров",
            "artistName": "Korol i Shut",
            "albumName": "Акустический альбом",
            "trackUri": "spotify:track:14jBblGykx7eQ4JFkHdQdS"
          },
          "episode": null,
          "localTrack": null
        },
        {
          "track": {
            "trackName": "Тяни!",
            "artistName": "Korol i Shut",
            "albumName": "Акустический альбом",
            "trackUri": "spotify:track:3qSkZzJenYYs5Gr9L8g2Rl"
          },
          "episode": null,
          "localTrack": null
        },
        {
          "track": {
            "trackName": "Утренний рассвет",
            "artistName": "Korol i Shut",
            "albumName": "Акустический альбом",
            "trackUri": "spotify:track:6LrXvNMlHiwIdAmF4fSnVu"
          },
          "episode": null,
          "localTrack": null
        },
        {
          "track": {
            "trackName": "Сосиска",
            "artistName": "Korol i Shut",
            "albumName": "Акустический альбом",
            "trackUri": "spotify:track:1WIrT5sTyC0g3Ro82iTPCF"
          },
          "episode": null,
          "localTrack": null
        },
        {
          "track": {
            "trackName": "Карапуз",
            "artistName": "Korol i Shut",
            "albumName": "Акустический альбом",
            "trackUri": "spotify:track:3Ows7vrcfqsTt1gkY1JTKF"
          },
          "episode": null,
          "localTrack": null
        },
        {
          "track": {
            "trackName": "Спятил отец",
            "artistName": "Korol i Shut",
            "albumName": "Акустический альбом",
            "trackUri": "spotify:track:7wIDK44jLILQmEN2pzagiw"
          },
          "episode": null,
          "localTrack": null
        },
        {
          "track": {
            "trackName": "Ведьма и осёл",
            "artistName": "Korol i Shut",
            "albumName": "Акустический альбом",
            "trackUri": "spotify:track:0vC9KwL07NHrijR2MfmKBY"
          },
          "episode": null,
          "localTrack": null
        },
        {
          "track": {
            "trackName": "Екатирина",
            "artistName": "Korol i Shut",
            "albumName": "Акустический альбом",
            "trackUri": "spotify:track:5FTpYdF3Md9q81bOleXLwc"
          },
          "episode": null,
          "localTrack": null
        },
        {
          "track": {
            "trackName": "Прерванная любовь, или арбузная корка",
            "artistName": "Korol i Shut",
            "albumName": "Акустический альбом",
            "trackUri": "spotify:track:7khaOwhuLP68NGETf3cMPX"
          },
          "episode": null,
          "localTrack": null
        },
        {
          "track": {
            "trackName": "Мотоцикл",
            "artistName": "Korol i Shut",
            "albumName": "Акустический альбом",
            "trackUri": "spotify:track:4DpcK3qqGX3GX0fE9Z5wC6"
          },
          "episode": null,
          "localTrack": null
        },
        {
          "track": {
            "trackName": "Голые коки",
            "artistName": "Korol i Shut",
            "albumName": "Акустический альбом",
            "trackUri": "spotify:track:1aJ1rhtnqlZHfq5EQw8Okj"
          },
          "episode": null,
          "localTrack": null
        },
        {
          "track": {
            "trackName": "Забытые ботинки",
            "artistName": "Korol i Shut",
            "albumName": "Акустический альбом",
            "trackUri": "spotify:track:4Ak2As3SAATmZ58iqYXUJu"
          },
          "episode": null,
          "localTrack": null
        },
        {
          "track": {
            "trackName": "Ели мясо мужики",
            "artistName": "Korol i Shut",
            "albumName": "Акустический альбом",
            "trackUri": "spotify:track:5Av0aGrhvXgHLickmLyIQ5"
          },
          "episode": null,
          "localTrack": null
        },
        {
          "track": {
            "trackName": "Молотов - Instrumental",
            "artistName": "Korol i Shut",
            "albumName": "Акустический альбом",
            "trackUri": "spotify:track:6XPLCTBowiUxgKTCDUHqps"
          },
          "episode": null,
          "localTrack": null
        },
        {
          "track": {
            "trackName": "Рыбак - Bonus Version",
            "artistName": "Korol i Shut",
            "albumName": "Акустический альбом",
            "trackUri": "spotify:track:0C1YhaO06CLm9XFlJwFmgh"
          },
          "episode": null,
          "localTrack": null
        },
        {
          "track": {
            "trackName": "Прыгну со скалы - Bonus Version",
            "artistName": "Korol i Shut",
            "albumName": "Акустический альбом",
            "trackUri": "spotify:track:2rQnRAB6dbdarGHARuSmOI"
          },
          "episode": null,
          "localTrack": null
        }
      ],
      "description": null,
      "numberOfFollowers": 0
    },
    {
      "name": "All music",
      "lastModifiedDate": "2021-03-24",
      "items": [
        {
          "track": {
            "trackName": "Warriors",
            "artistName": "Imagine Dragons",
            "albumName": "Smoke + Mirrors",
            "trackUri": "spotify:track:1sWeSMifj6Z6kZyI6z3bRc"
          },
          "episode": null,
          "localTrack": null
        },
        {
          "track": {
            "trackName": "Warriors",
            "artistName": "League of Legends",
            "albumName": "Warriors",
            "trackUri": "spotify:track:3f4fc8c8unrQeKecmUPEDR"
          },
          "episode": null,
          "localTrack": null
        },
        {
          "track": {
            "trackName": "Crab Rave",
            "artistName": "Noisestorm",
            "albumName": "Crab Rave",
            "trackUri": "spotify:track:4qDHt2ClApBBzDAvhNGWFd"
          },
          "episode": null,
          "localTrack": null
        },
        {
          "track": {
            "trackName": "ДУРАКАМ ВЕЗЁТ",
            "artistName": "ФОГЕЛЬ",
            "albumName": "ДУРАКАМ ВЕЗЁТ",
            "trackUri": "spotify:track:0dJaravwFK2NGJfu9scOPe"
          },
          "episode": null,
          "localTrack": null
        },
        {
          "track": {
            "trackName": "Выдыхаю боль",
            "artistName": "Даня Милохин",
            "albumName": "Выдыхаю боль",
            "trackUri": "spotify:track:5R9jHQJbEd3TfsfQ32VVoT"
          },
          "episode": null,
          "localTrack": null
        },
        {
          "track": {
            "trackName": "Тараканы (Remix)",
            "artistName": "PALC",
            "albumName": "Тараканы (Remix)",
            "trackUri": "spotify:track:0hKLANYYOiPrGMtDzntcpm"
          },
          "episode": null,
          "localTrack": null
        },
        {
          "track": {
            "trackName": "Влюбилась в друга",
            "artistName": "Абрикоса",
            "albumName": "Влюбилась в друга",
            "trackUri": "spotify:track:6BRWhFOlm3XUXI2NGkiDlp"
          },
          "episode": null,
          "localTrack": null
        },
        {
          "track": {
            "trackName": "Динозаврики",
            "artistName": "Папин Олимпос",
            "albumName": "Никакого андеграунда!",
            "trackUri": "spotify:track:4tP3JZw4NcKQJitu7F3SCa"
          },
          "episode": null,
          "localTrack": null
        },
        {
          "track": {
            "trackName": "Дурак и молния",
            "artistName": "Korol i Shut",
            "albumName": "Камнем по голове",
            "trackUri": "spotify:track:1aAcW69jxv3pp3I84oZGqP"
          },
          "episode": null,
          "localTrack": null
        },
        {
          "track": {
            "trackName": "Кукла колдуна",
            "artistName": "Korol i Shut",
            "albumName": "Акустический альбом",
            "trackUri": "spotify:track:2DYzsMQpO7xOw7b3JwyIWP"
          },
          "episode": null,
          "localTrack": null
        },
        {
          "track": {
            "trackName": "Astronaut In The Ocean",
            "artistName": "Masked Wolf",
            "albumName": "Astronaut In The Ocean",
            "trackUri": "spotify:track:3Ofmpyhv5UAQ70mENzB277"
          },
          "episode": null,
          "localTrack": null
        },
        {
          "track": {
            "trackName": "Моя голова винтом (My head is spinning like a screw)",
            "artistName": "kostromin",
            "albumName": "Моя голова винтом (My head is spinning like a screw)",
            "trackUri": "spotify:track:4KrhaZm4JRkNO4HRdLvJIG"
          },
          "episode": null,
          "localTrack": null
        },
        {
          "track": {
            "trackName": "Can You Feel My Heart",
            "artistName": "Bring Me The Horizon",
            "albumName": "Sempiternal",
            "trackUri": "spotify:track:0WSa1sucoNRcEeULlZVQXj"
          },
          "episode": null,
          "localTrack": null
        },
        {
          "track": {
            "trackName": "Way down We Go",
            "artistName": "KALEO",
            "albumName": "A/B",
            "trackUri": "spotify:track:0y1QJc3SJVPKJ1OvFmFqe6"
          },
          "episode": null,
          "localTrack": null
        },
        {
          "track": {
            "trackName": "Венера-Юпитер",
            "artistName": "Ваня Дмитриенко",
            "albumName": "Венера-Юпитер",
            "trackUri": "spotify:track:0Ot69EEAbZaZohRSYYu0I7"
          },
          "episode": null,
          "localTrack": null
        },
        {
          "track": {
            "trackName": "Письмо Санте",
            "artistName": "Lusia Chebotina",
            "albumName": "Письмо Санте",
            "trackUri": "spotify:track:2ppJoTwsvh4szsa9IQH0rK"
          },
          "episode": null,
          "localTrack": null
        },
        {
          "track": {
            "trackName": "машина для убийств",
            "artistName": "алёна швец.",
            "albumName": "КОРОЛЕВА ОТСТОЯ",
            "trackUri": "spotify:track:3dIu02gSTWB0kvYah9zXnN"
          },
          "episode": null,
          "localTrack": null
        },
        {
          "track": {
            "trackName": "Ты засадишь",
            "artistName": "EG0RIAN",
            "albumName": "Ты засадишь",
            "trackUri": "spotify:track:07NbBNizPciWZQu9ZmdWPB"
          },
          "episode": null,
          "localTrack": null
        },
        {
          "track": {
            "trackName": "В последний раз",
            "artistName": "Idris & Leos",
            "albumName": "В последний раз",
            "trackUri": "spotify:track:1IC5WClOSjW99aSEh6Xq6W"
          },
          "episode": null,
          "localTrack": null
        },
        {
          "track": {
            "trackName": "Mood",
            "artistName": "Xcho",
            "albumName": "Mood",
            "trackUri": "spotify:track:0nHWz5BFyge4QzkSo3IJeo"
          },
          "episode": null,
          "localTrack": null
        },
        {
          "track": {
            "trackName": "Москва не верит слезам",
            "artistName": "Ruki Vverh!",
            "albumName": "Москва не верит слезам",
            "trackUri": "spotify:track:7yCzeUajb7ITEzp2hi5Lwv"
          },
          "episode": null,
          "localTrack": null
        },
        {
          "track": {
            "trackName": "Балдини",
            "artistName": "Шейх Мансур",
            "albumName": "Балдини",
            "trackUri": "spotify:track:0qNftyMpDtTsB0zops5qEI"
          },
          "episode": null,
          "localTrack": null
        },
        {
          "track": {
            "trackName": "ПРИВЫЧКА",
            "artistName": "ФОГЕЛЬ",
            "albumName": "ПРИВЫЧКА",
            "trackUri": "spotify:track:60p4d79R6H6EObTrTcy5Ud"
          },
          "episode": null,
          "localTrack": null
        },
        {
          "track": {
            "trackName": "Время молодёжи (Chicagoo Remix)",
            "artistName": "Яд Добра",
            "albumName": "Время молодёжи (Chicagoo Remix)",
            "trackUri": "spotify:track:3j0l0ZqmIVo9i3kqWjaFsU"
          },
          "episode": null,
          "localTrack": null
        },
        {
          "track": {
            "trackName": "Ранила меня",
            "artistName": "Konfuz",
            "albumName": "Ранила меня",
            "trackUri": "spotify:track:5Kp4WvdA2g7MJmYCxvP062"
          },
          "episode": null,
          "localTrack": null
        },
        {
          "track": {
            "trackName": "Levi's",
            "artistName": "Ramil'",
            "albumName": "Сияй",
            "trackUri": "spotify:track:78hJvOfmnJgvOhWIsLWUgZ"
          },
          "episode": null,
          "localTrack": null
        },
        {
          "track": {
            "trackName": "Xmas Song",
            "artistName": "kizaru",
            "albumName": "Xmas Song",
            "trackUri": "spotify:track:792rwLGaByb3lAIlvhBU04"
          },
          "episode": null,
          "localTrack": null
        },
        {
          "track": {
            "trackName": "Вали",
            "artistName": "Канги",
            "albumName": "Вали",
            "trackUri": "spotify:track:4CNCKuEyLYrS3zCUMphITh"
          },
          "episode": null,
          "localTrack": null
        },
        {
          "track": {
            "trackName": "All the Time",
            "artistName": "Miyagi & Andy Panda",
            "albumName": "All the Time",
            "trackUri": "spotify:track:2YDXf0ar2a5bquUgiVY0QG"
          },
          "episode": null,
          "localTrack": null
        },
        {
          "track": {
            "trackName": "Эйя",
            "artistName": "Канги",
            "albumName": "Эйя",
            "trackUri": "spotify:track:7KXhgqoNmwlg2In6vCi2po"
          },
          "episode": null,
          "localTrack": null
        },
        {
          "track": {
            "trackName": "Иностранец",
            "artistName": "Valery Meladze",
            "albumName": "Вопреки",
            "trackUri": "spotify:track:5ittErz1AnFtXabaMGZ9ib"
          },
          "episode": null,
          "localTrack": null
        },
        {
          "track": {
            "trackName": "Я твоя не первая",
            "artistName": "t.A.T.u.",
            "albumName": "200 По встречной",
            "trackUri": "spotify:track:6apCuRzYH3rRyQudXjPGac"
          },
          "episode": null,
          "localTrack": null
        },
        {
          "track": {
            "trackName": "Вино и сигареты",
            "artistName": "алёна швец.",
            "albumName": "Вино и сигареты",
            "trackUri": "spotify:track:7x6lrNeqx7bi981vmElWj2"
          },
          "episode": null,
          "localTrack": null
        },
        {
          "track": {
            "trackName": "Последний танец",
            "artistName": "TINI LIN",
            "albumName": "Последний танец",
            "trackUri": "spotify:track:5Y4IMG8dZRnshdtVVaGNvA"
          },
          "episode": null,
          "localTrack": null
        },
        {
          "track": {
            "trackName": "Новый год",
            "artistName": "VESNA305",
            "albumName": "Новый год",
            "trackUri": "spotify:track:3NxIbHwj2cimcm0O89XQZo"
          },
          "episode": null,
          "localTrack": null
        },
        {
          "track": {
            "trackName": "Поколение",
            "artistName": "Kara Kross",
            "albumName": "Поколение",
            "trackUri": "spotify:track:4vUol3OkDUjz5Ae92XgeRU"
          },
          "episode": null,
          "localTrack": null
        },
        {
          "track": {
            "trackName": "Discord",
            "artistName": "The Living Tombstone",
            "albumName": "Discord",
            "trackUri": "spotify:track:611nlMA40SKg9gQ4pTVXT3"
          },
          "episode": null,
          "localTrack": null
        },
        {
          "track": {
            "trackName": "Балаклава",
            "artistName": "Нискуба",
            "albumName": "Балаклава",
            "trackUri": "spotify:track:3dcEasU5Srxzn8DKVpRpGB"
          },
          "episode": null,
          "localTrack": null
        },
        {
          "track": {
            "trackName": "Икры и Сала",
            "artistName": "ДЕТИ RAVE",
            "albumName": "Икры и Сала",
            "trackUri": "spotify:track:6eHKoMFFoMJ4cWwPscl382"
          },
          "episode": null,
          "localTrack": null
        },
        {
          "track": {
            "trackName": "АУФ",
            "artistName": "SQWOZ BAB",
            "albumName": "АУФ",
            "trackUri": "spotify:track:5BjlGzddT6zbS7X8bfjQDp"
          },
          "episode": null,
          "localTrack": null
        },
        {
          "track": {
            "trackName": "Пряталась в ванной",
            "artistName": "Mari Kraimbrery",
            "albumName": "Пряталась в ванной",
            "trackUri": "spotify:track:3vvmbAAGAbNhLTM5h6vPvN"
          },
          "episode": null,
          "localTrack": null
        },
        {
          "track": {
            "trackName": "Индиго",
            "artistName": "Dana Sokolova",
            "albumName": "Индиго",
            "trackUri": "spotify:track:0gW2sKsEoQtFozUXApJlAe"
          },
          "episode": null,
          "localTrack": null
        },
        {
          "track": {
            "trackName": "Kings & Queens",
            "artistName": "Ava Max",
            "albumName": "Heaven & Hell",
            "trackUri": "spotify:track:7a53HqqArd4b9NF4XAmlbI"
          },
          "episode": null,
          "localTrack": null
        },
        {
          "track": {
            "trackName": "ХАТИКО",
            "artistName": "ФОГЕЛЬ",
            "albumName": "РЕЖИССЕР",
            "trackUri": "spotify:track:16H81XwXbP3gPsR9D3V3NJ"
          },
          "episode": null,
          "localTrack": null
        },
        {
          "track": {
            "trackName": "Снова я напиваюсь",
            "artistName": "SLAVA MARLOW",
            "albumName": "Снова я напиваюсь",
            "trackUri": "spotify:track:18t2lAzaHW2bJomYeyzrpy"
          },
          "episode": null,
          "localTrack": null
        },
        {
          "track": {
            "trackName": "Влюбляешься зря",
            "artistName": "NLO",
            "albumName": "Влюбляешься зря",
            "trackUri": "spotify:track:50scDlzyBS70Kis7TBcG2o"
          },
          "episode": null,
          "localTrack": null
        },
        {
          "track": {
            "trackName": "Втюрилась",
            "artistName": "Дора",
            "albumName": "Втюрилась",
            "trackUri": "spotify:track:575JDrZ0bLVMycVrcBNrhH"
          },
          "episode": null,
          "localTrack": null
        },
        {
          "track": {
            "trackName": "Courage to Change",
            "artistName": "Sia",
            "albumName": "Courage to Change",
            "trackUri": "spotify:track:2MbgQKWhoii8bqsMBWWWgA"
          },
          "episode": null,
          "localTrack": null
        },
        {
          "track": {
            "trackName": "Heathens",
            "artistName": "Twenty One Pilots",
            "albumName": "Heathens",
            "trackUri": "spotify:track:6i0V12jOa3mr6uu4WYhUBr"
          },
          "episode": null,
          "localTrack": null
        },
        {
          "track": {
            "trackName": "Если бы не ты",
            "artistName": "Nebezao",
            "albumName": "Если бы не ты",
            "trackUri": "spotify:track:6u3JKeeuBENosEGXlVO69A"
          },
          "episode": null,
          "localTrack": null
        },
        {
          "track": {
            "trackName": "911",
            "artistName": "Lx24",
            "albumName": "911",
            "trackUri": "spotify:track:5WvSXMbmPCKx2B3iIRxD63"
          },
          "episode": null,
          "localTrack": null
        },
        {
          "track": {
            "trackName": "Девочка-пришелец",
            "artistName": "LSP",
            "albumName": "One More City",
            "trackUri": "spotify:track:3Yih28NGMSNU1DIhofqj4B"
          },
          "episode": null,
          "localTrack": null
        },
        {
          "track": {
            "trackName": "Falling Down - Bonus Track",
            "artistName": "Lil Peep",
            "albumName": "Come Over When You're Sober, Pt. 2",
            "trackUri": "spotify:track:4jvjzW7Hm0yK4LvvE0Paz9"
          },
          "episode": null,
          "localTrack": null
        },
        {
          "track": {
            "trackName": "Дави на газ",
            "artistName": "Ryze",
            "albumName": "Дави на газ",
            "trackUri": "spotify:track:2ATfBZ30OaIe2Y4M9dIGcK"
          },
          "episode": null,
          "localTrack": null
        },
        {
          "track": {
            "trackName": "Legends Never Die",
            "artistName": "League of Legends",
            "albumName": "Legends Never Die",
            "trackUri": "spotify:track:1FpVJ7HpZInE2GvhVE2TwT"
          },
          "episode": null,
          "localTrack": null
        },
        {
          "track": {
            "trackName": "Уходи",
            "artistName": "Женя Отрадная",
            "albumName": "Уходи",
            "trackUri": "spotify:track:5TcCnATUVQW7VImjKTd7Oc"
          },
          "episode": null,
          "localTrack": null
        }
      ],
      "description": null,
      "numberOfFollowers": 0
    }
  ]
}