[
  {
    "platform" : "ANDROID",
    "searchTime" : "2021-12-13T17:01:18.098Z[UTC]",
    "searchQuery" : "слеж",
    "searchInteractionURIs" : [
      "spotify:track:0deZjegTtpnEzPg3VP8Lrd"
    ]
  },
  {
    "platform" : "ANDROID",
    "searchTime" : "2021-12-18T20:36:43.296Z[UTC]",
    "searchQuery" : "baril",
    "searchInteractionURIs" : [
      "spotify:user:w2p1oq867ns7jele6g3lw66fk"
    ]
  },
  {
    "platform" : "ANDROID",
    "searchTime" : "2021-12-20T19:11:02.700Z[UTC]",
    "searchQuery" : "im",
    "searchInteractionURIs" : [
      "spotify:artist:53XhwfbYqKCa1cC15pYq2q"
    ]
  },
  {
    "platform" : "ANDROID",
    "searchTime" : "2022-01-04T18:22:06.596Z[UTC]",
    "searchQuery" : "да я мать",
    "searchInteractionURIs" : [
      "spotify:album:76L3Qxels4d0K49JxsPuPr"
    ]
  },
  {
    "platform" : "ANDROID",
    "searchTime" : "2022-01-04T21:24:56.455Z[UTC]",
    "searchQuery" : "музыка ",
    "searchInteractionURIs" : [
      "spotify:playlist:7FiwCjogi3JOstykHCdG21"
    ]
  },
  {
    "platform" : "ANDROID",
    "searchTime" : "2022-01-04T21:25:00.957Z[UTC]",
    "searchQuery" : "музыка для ",
    "searchInteractionURIs" : [
      "spotify:playlist:586GITrMvxcDM4fPjurPZR"
    ]
  },
  {
    "platform" : "ANDROID",
    "searchTime" : "2022-01-06T18:34:17.844Z[UTC]",
    "searchQuery" : "электрофорез",
    "searchInteractionURIs" : [
      "spotify:track:3JZd8s3SgK2gyyKNMGafVw",
      "spotify:track:1AbVt1XkKXHeSXsTQz52lH"
    ]
  },
  {
    "platform" : "ANDROID",
    "searchTime" : "2022-01-06T18:40:34.677Z[UTC]",
    "searchQuery" : " dealer",
    "searchInteractionURIs" : [
      "spotify:playlist:0zvOkLdVvulWnt667bJePn",
      "spotify:playlist:3V8q6eZ6KFpOYItTq0VM57"
    ]
  },
  {
    "platform" : "ANDROID",
    "searchTime" : "2022-01-06T18:46:04.141Z[UTC]",
    "searchQuery" : "putti",
    "searchInteractionURIs" : [
      "spotify:track:1taGkdO3DQsNRIQrarhVvc"
    ]
  },
  {
    "platform" : "ANDROID",
    "searchTime" : "2022-01-06T18:48:31.979Z[UTC]",
    "searchQuery" : "страсть к курени",
    "searchInteractionURIs" : [
      "spotify:track:0MXSymo8sAZ3FYTHSf8zMZ",
      "spotify:track:0MXSymo8sAZ3FYTHSf8zMZ"
    ]
  },
  {
    "platform" : "ANDROID",
    "searchTime" : "2022-01-06T18:51:38.153Z[UTC]",
    "searchQuery" : "a pearl",
    "searchInteractionURIs" : [
      "spotify:track:7fd3aMiuwHWKsTdZafjOfZ",
      "spotify:track:7fd3aMiuwHWKsTdZafjOfZ",
      "spotify:track:7fd3aMiuwHWKsTdZafjOfZ",
      "spotify:artist:2uYWxilOVlUdk4oV9DvwqK"
    ]
  },
  {
    "platform" : "ANDROID",
    "searchTime" : "2022-01-06T18:59:18.274Z[UTC]",
    "searchQuery" : "chop chop",
    "searchInteractionURIs" : [
      "spotify:track:2Msuiqt9sZojSKLVZcJp1l",
      "spotify:playlist:5wU1I51uubsXXmAu6ccksD"
    ]
  },
  {
    "platform" : "ANDROID",
    "searchTime" : "2022-01-06T19:05:55.854Z[UTC]",
    "searchQuery" : "fly me ",
    "searchInteractionURIs" : [
      "spotify:playlist:7tyue8R0qA1o8L3rzZdOO5",
      "spotify:playlist:7tyue8R0qA1o8L3rzZdOO5"
    ]
  },
  {
    "platform" : "ANDROID",
    "searchTime" : "2022-01-06T19:09:26.134Z[UTC]",
    "searchQuery" : "i love ",
    "searchInteractionURIs" : [
      "spotify:track:4SqWKzw0CbA05TGszDgMlc"
    ]
  },
  {
    "platform" : "ANDROID",
    "searchTime" : "2022-01-06T19:12:59.911Z[UTC]",
    "searchQuery" : "masq",
    "searchInteractionURIs" : [
      "spotify:track:4p5Phj0pcXWW7B81lUGowi"
    ]
  },
  {
    "platform" : "ANDROID",
    "searchTime" : "2022-01-06T19:15:18.390Z[UTC]",
    "searchQuery" : "tenr",
    "searchInteractionURIs" : [
      "spotify:track:7j31rVgGX9Q2blT92VBEA0"
    ]
  },
  {
    "platform" : "ANDROID",
    "searchTime" : "2022-01-06T19:20:17.229Z[UTC]",
    "searchQuery" : "psychic",
    "searchInteractionURIs" : [
      "spotify:track:4GIv6wlKsSjTiDgxYFwoeo"
    ]
  },
  {
    "platform" : "ANDROID",
    "searchTime" : "2022-01-06T19:25:59.924Z[UTC]",
    "searchQuery" : "everywhere",
    "searchInteractionURIs" : [
      "spotify:track:2uA05SpWIB9jY72xOUxlNM",
      "spotify:track:3DICBZOMaEWbCxwUfPGcE5"
    ]
  },
  {
    "platform" : "ANDROID",
    "searchTime" : "2022-01-07T18:08:19.807Z[UTC]",
    "searchQuery" : "7 ",
    "searchInteractionURIs" : [
      "spotify:track:02DDdvA9KjwSbVShx0cvnx"
    ]
  },
  {
    "platform" : "ANDROID",
    "searchTime" : "2022-01-07T21:40:19.192Z[UTC]",
    "searchQuery" : "7 ци",
    "searchInteractionURIs" : [
      "spotify:track:02DDdvA9KjwSbVShx0cvnx",
      "spotify:artist:69GGH3fqk8waBkpDJ5C2mK"
    ]
  },
  {
    "platform" : "ANDROID",
    "searchTime" : "2022-01-08T08:44:05.001Z[UTC]",
    "searchQuery" : "я просто друг",
    "searchInteractionURIs" : [
      "spotify:track:6K5DS45fgqtZb7ba4zIbN1",
      "spotify:track:6K5DS45fgqtZb7ba4zIbN1"
    ]
  },
  {
    "platform" : "ANDROID",
    "searchTime" : "2022-01-10T16:54:12.856Z[UTC]",
    "searchQuery" : "мали",
    "searchInteractionURIs" : [
      "spotify:track:77B4S4jkrAkL3Ng5hEHoUU"
    ]
  },
  {
    "platform" : "ANDROID",
    "searchTime" : "2022-01-21T19:53:29.156Z[UTC]",
    "searchQuery" : "номера",
    "searchInteractionURIs" : [
      "spotify:track:5j8q6DhPWWfy8cto0gDh3I",
      "spotify:playlist:73n7zmNLz0siXauIb0tHIw"
    ]
  },
  {
    "platform" : "ANDROID",
    "searchTime" : "2022-01-24T18:20:16.650Z[UTC]",
    "searchQuery" : "все решено",
    "searchInteractionURIs" : [
      "spotify:track:3UUFE0a5FmULKyZrpEBaaO",
      "spotify:track:1T5IGoRBO64Yg6zPidfJCb",
      "spotify:track:1IFrnZEg64PhLkN6odmgCC"
    ]
  },
  {
    "platform" : "ANDROID",
    "searchTime" : "2022-01-29T17:54:20.350Z[UTC]",
    "searchQuery" : "nigh",
    "searchInteractionURIs" : [
      "spotify:track:340UVheS8z3ncW9TTUhAbc"
    ]
  },
  {
    "platform" : "ANDROID",
    "searchTime" : "2022-01-30T12:18:28.668Z[UTC]",
    "searchQuery" : "гей",
    "searchInteractionURIs" : [
      "spotify:track:6EuMULJqScu7ynqG6Rked8",
      "spotify:artist:6uOQUKbXBJRa9bRc3ZsNh2"
    ]
  },
  {
    "platform" : "ANDROID",
    "searchTime" : "2022-01-30T17:09:12.010Z[UTC]",
    "searchQuery" : "седьмой ",
    "searchInteractionURIs" : [
      "spotify:track:6P4SAsG3RuIeGymX2Qou9L"
    ]
  },
  {
    "platform" : "ANDROID",
    "searchTime" : "2022-02-04T04:37:41.400Z[UTC]",
    "searchQuery" : "хочешь",
    "searchInteractionURIs" : [
      "spotify:track:0REqV81vXvrYw8xeyTTG5t",
      "spotify:playlist:6BM7qs9Zn0YgxYuQ6n9wLg",
      "spotify:playlist:56ra24CW6btsEQEA3UEzqD"
    ]
  },
  {
    "platform" : "ANDROID",
    "searchTime" : "2022-02-04T04:44:58.118Z[UTC]",
    "searchQuery" : "ты заса",
    "searchInteractionURIs" : [
    ]
  },
  {
    "platform" : "ANDROID",
    "searchTime" : "2022-02-04T17:14:19.308Z[UTC]",
    "searchQuery" : "музыка дл ма",
    "searchInteractionURIs" : [
      "spotify:playlist:3U84qRKytcGtMgP7Hwd1tf"
    ]
  },
  {
    "platform" : "ANDROID",
    "searchTime" : "2022-02-04T17:14:38.105Z[UTC]",
    "searchQuery" : "музыка дл машины",
    "searchInteractionURIs" : [
      "spotify:playlist:2QTdrisNTsmAOfTvXJyz1Q"
    ]
  },
  {
    "platform" : "ANDROID",
    "searchTime" : "2022-02-12T11:38:29.966Z[UTC]",
    "searchQuery" : "крид ",
    "searchInteractionURIs" : [
      "spotify:artist:2KoLmBXwsgMkfAvoPBlPmb"
    ]
  },
  {
    "platform" : "ANDROID",
    "searchTime" : "2022-02-12T15:39:47.578Z[UTC]",
    "searchQuery" : "отпуска",
    "searchInteractionURIs" : [
      "spotify:track:5maJs7vHkn9ESNmMct9a6X",
      "spotify:track:0vkYzoY1ukPTWAqD4yuCXL"
    ]
  },
  {
    "platform" : "ANDROID",
    "searchTime" : "2022-02-13T21:11:24.286Z[UTC]",
    "searchQuery" : "все решено",
    "searchInteractionURIs" : [
      "spotify:track:1T5IGoRBO64Yg6zPidfJCb",
      "spotify:track:5D4aZNKRlvT75TOngDaO7s",
      "spotify:track:2K68qHBtTxEoEyuh6CwTBI"
    ]
  },
  {
    "platform" : "ANDROID",
    "searchTime" : "2022-03-01T11:52:49.723Z[UTC]",
    "searchQuery" : "close to",
    "searchInteractionURIs" : [
      "spotify:track:2GjMaJ7DacMIkgoe8oMXGg"
    ]
  },
  {
    "platform" : "ANDROID",
    "searchTime" : "2022-03-09T15:09:20.412Z[UTC]",
    "searchQuery" : "dpd ",
    "searchInteractionURIs" : [
      "spotify:playlist:3Ss6BOCGkDJa1TqvuhDSRh",
      "spotify:playlist:1KdEvxKgnpbxZEEhLRMYSE"
    ]
  }
]