{
  "tracks": [
    {
      "artist": "fem.love",
      "album": "1000-7",
      "track": "1000-7",
      "uri": "spotify:track:2L2iWhBsyosVcxx36iurfa"
    },
    {
      "artist": "ЛЯЛЬКА",
      "album": "Трахаца",
      "track": "Трахаца",
      "uri": "spotify:track:46676b6dbunL2OgPGQw5sv"
    },
    {
      "artist": "Bruno Mars",
      "album": "Doo-Wops & Hooligans",
      "track": "Talking to the Moon",
      "uri": "spotify:track:1wVuPmvt6AWvTL5W2GJnzZ"
    },
    {
      "artist": "Shouse",
      "album": "Love Tonight",
      "track": "Love Tonight - David Guetta Remix Edit",
      "uri": "spotify:track:2prnn41CblB8B4yWACDljP"
    },
    {
      "artist": "GSPD",
      "album": "У России три пути",
      "track": "У России три пути",
      "uri": "spotify:track:2y9amiNtcZOgJXko2cH1qb"
    },
    {
      "artist": "HammAli & Navai",
      "album": "Птичка",
      "track": "Птичка",
      "uri": "spotify:track:6Abmb1Nh7Bc5U6o4iEgSDH"
    },
    {
      "artist": "Manizha",
      "album": "RUSSIAN WOMAN",
      "track": "RUSSIAN WOMAN",
      "uri": "spotify:track:6Dz383ZHSKzWh5ZTL7aRra"
    },
    {
      "artist": "BoyWithUke",
      "album": "Faded",
      "track": "Toxic",
      "uri": "spotify:track:2kaNmAbqrtOf7Rdr3fnCWl"
    },
    {
      "artist": "нексюша",
      "album": "Осторожно, постмодерн",
      "track": "На твиче",
      "uri": "spotify:track:5XIQxHGp9glGY6LRKl0qth"
    },
    {
      "artist": "XARISTA",
      "album": "Паранойя",
      "track": "Паранойя",
      "uri": "spotify:track:0XDH6lTEAsgeU2RsFhOQ6K"
    },
    {
      "artist": "polnalyubvi",
      "album": "Сказки лесной нимфы",
      "track": "Девочка и Море",
      "uri": "spotify:track:0xq4c0G48Cb5s5zNvY9xdw"
    },
    {
      "artist": "GAYAZOV$ BROTHER$",
      "album": "МАЛИНОВАЯ ЛАДА",
      "track": "МАЛИНОВАЯ ЛАДА",
      "uri": "spotify:track:77B4S4jkrAkL3Ng5hEHoUU"
    },
    {
      "artist": "Elvira T",
      "album": "Одержима",
      "track": "Всё решено",
      "uri": "spotify:track:2K68qHBtTxEoEyuh6CwTBI"
    },
    {
      "artist": "Колос",
      "album": "Kamasutra",
      "track": "Бібліотека",
      "uri": "spotify:track:6ekNzvEmnCPbIdTFjRtw6L"
    },
    {
      "artist": "Grigory Leps",
      "album": "Гангстер №1",
      "track": "Зеркала",
      "uri": "spotify:track:5ajNh87ynvNKLalPFCNS7t"
    },
    {
      "artist": "xMax",
      "album": "Следующая станция",
      "track": "Следующая станция",
      "uri": "spotify:track:0deZjegTtpnEzPg3VP8Lrd"
    },
    {
      "artist": "Twenty One Pilots",
      "album": "Heathens",
      "track": "Heathens",
      "uri": "spotify:track:6i0V12jOa3mr6uu4WYhUBr"
    },
    {
      "artist": "Grigory Leps",
      "album": "Водопад",
      "track": "Я тебе не верю",
      "uri": "spotify:track:0WBErOmwDKkuWCHGaBrT6g"
    },
    {
      "artist": "Raven Link",
      "album": "Alive",
      "track": "Alive",
      "uri": "spotify:track:5miaoS1ORsilhZNVDPDZ9v"
    },
    {
      "artist": "LSP",
      "album": "Бэйби (Remix)",
      "track": "Бэйби (Remix)",
      "uri": "spotify:track:5VmuqfnIBrzikMBt8gonbJ"
    },
    {
      "artist": "NIVEK",
      "album": "Stand By Me",
      "track": "Stand By Me",
      "uri": "spotify:track:5nfRMYzRrYXWSveVvWRiqX"
    },
    {
      "artist": "Egor Kreed",
      "album": "Часики",
      "track": "Часики",
      "uri": "spotify:track:0lL1Ss8uYtyCIqugrXBips"
    },
    {
      "artist": "krekint",
      "album": "Номера",
      "track": "Номера",
      "uri": "spotify:track:3JRWC5plpogW2eVEykqzNg"
    },
    {
      "artist": "DSPRITE",
      "album": "Погоди",
      "track": "Погоди",
      "uri": "spotify:track:5sJt5rmSaKTQyAymKx6e1W"
    },
    {
      "artist": "David Guetta",
      "album": "Listen",
      "track": "Dangerous (feat. Sam Martin)",
      "uri": "spotify:track:7pqgMEKsDMOHUdFQ7n0N9K"
    },
    {
      "artist": "Skillet",
      "album": "Rise",
      "track": "Not Gonna Die",
      "uri": "spotify:track:2jfk3m8nq5IvB35s2xIs1O"
    },
    {
      "artist": "Fall Out Boy",
      "album": "American Beauty/American Psycho",
      "track": "Centuries",
      "uri": "spotify:track:04aAxqtGp5pv12UXAg4pkq"
    },
    {
      "artist": "Egor Kreed",
      "album": "Отпускаю",
      "track": "Отпускаю",
      "uri": "spotify:track:0vkYzoY1ukPTWAqD4yuCXL"
    },
    {
      "artist": "ooes",
      "album": "ночь",
      "track": "ночь",
      "uri": "spotify:track:5Q5A1Ej3bqhlTmr7I0DbS8"
    },
    {
      "artist": "Atik",
      "album": "Misunderstood",
      "track": "Misunderstood",
      "uri": "spotify:track:1bD0XSKOYFrZfqMxxAHOJD"
    },
    {
      "artist": "Ellie Goulding",
      "album": "Brightest Blue",
      "track": "Close To Me",
      "uri": "spotify:track:2GjMaJ7DacMIkgoe8oMXGg"
    },
    {
      "artist": "Два дня солнца",
      "album": "Прости",
      "track": "Прости",
      "uri": "spotify:track:2AtOOzJ5vnfLeSMjDvHLma"
    },
    {
      "artist": "Anastacia",
      "album": "Pieces of A Dream",
      "track": "Left Outside Alone",
      "uri": "spotify:track:2uNq2hKb4X1S30hBgoywOF"
    },
    {
      "artist": "Нервы",
      "album": "Май bye",
      "track": "Май bye",
      "uri": "spotify:track:6Axjf9ytyDw4guQR6Zz4Jh"
    },
    {
      "artist": "Republika KIDS",
      "album": "One Country",
      "track": "A World Without War",
      "uri": "spotify:track:2MUeYkGxeAf9BtiYJnumUV"
    },
    {
      "artist": "ARB KRIBS",
      "album": "Miss Wanna Die",
      "track": "Miss Wanna Die",
      "uri": "spotify:track:76CAb6QyncVLNXtgl55Sqy"
    },
    {
      "artist": "fem.love",
      "album": "Фотографирую закат",
      "track": "Фотографирую закат",
      "uri": "spotify:track:1ghdJUMhmLEpUitNwyNMWH"
    },
    {
      "artist": "Benedixhion",
      "album": "pseudoLove",
      "track": "toxin",
      "uri": "spotify:track:79i617mqpQLwUs3WTokYX9"
    },
    {
      "artist": "Besomage",
      "album": "Careless Whisper",
      "track": "Careless Whisper",
      "uri": "spotify:track:52LlhCHf2ZTHTAbPZpAQHz"
    },
    {
      "artist": "The Living Tombstone",
      "album": "Discord",
      "track": "Discord",
      "uri": "spotify:track:611nlMA40SKg9gQ4pTVXT3"
    },
    {
      "artist": "20TOKENS",
      "album": "ЧАСИКИ",
      "track": "ЧАСИКИ",
      "uri": "spotify:track:4V1x5C2gNOpi0GeKn3UO2k"
    },
    {
      "artist": "Tardigrade Inferno",
      "album": "Mastermind",
      "track": "We Are Number One",
      "uri": "spotify:track:7lI6wXOAaxrxy4XtsndYRA"
    },
    {
      "artist": "Alisa Kozhikina",
      "album": "Я не игрушка",
      "track": "Я не игрушка",
      "uri": "spotify:track:6uCHJTzK07aRzJMsPM9Vl0"
    },
    {
      "artist": "GONE.Fludd",
      "album": "DIGITAL FANTAZY",
      "track": "TRAXXXMANIA",
      "uri": "spotify:track:2rowi7dF3AqhugMtAnvQmP"
    },
    {
      "artist": "Lolita",
      "album": "Ориентация Север",
      "track": "Ориентация Север",
      "uri": "spotify:track:3ENsNlGo6irpH8Qc4ySCqe"
    },
    {
      "artist": "Bring Me The Horizon",
      "album": "Sempiternal",
      "track": "Can You Feel My Heart",
      "uri": "spotify:track:0WSa1sucoNRcEeULlZVQXj"
    },
    {
      "artist": "Alan Walker",
      "album": "Different World",
      "track": "Alone",
      "uri": "spotify:track:3LlmKSHR3Rs0Y3KHQLAYDk"
    },
    {
      "artist": "Женя Отрадная",
      "album": "Уходи",
      "track": "Уходи",
      "uri": "spotify:track:5TcCnATUVQW7VImjKTd7Oc"
    },
    {
      "artist": "Иван Star",
      "album": "Девочка с Луны",
      "track": "Девочка с Луны",
      "uri": "spotify:track:7JJ5dwwvYQzC0QXKl48Dmu"
    },
    {
      "artist": "Imagine Dragons",
      "album": "Follow You / Cutthroat",
      "track": "Follow You",
      "uri": "spotify:track:7FdUvDkaE24o3FPIWTvzv2"
    },
    {
      "artist": "SLAVA MARLOW",
      "album": "Она тебя любит",
      "track": "Она тебя любит",
      "uri": "spotify:track:12fesH0q1KEBKyg0G9Yi2E"
    },
    {
      "artist": "Pornofilmy",
      "album": "В диапазоне между отчаянием и надеждой",
      "track": "В диапазоне",
      "uri": "spotify:track:1cmIuauHOxvxzTCFXFnNRL"
    },
    {
      "artist": "Dzharakhov",
      "album": "Я в моменте",
      "track": "Я в моменте",
      "uri": "spotify:track:0sZ3fmbfUS5tMVzhXLXXPE"
    },
    {
      "artist": "Sergey Lazarev",
      "album": "The Best (Russian Edition)",
      "track": "Даже Если Ты Уйдёшь",
      "uri": "spotify:track:5B5tytW6uGCYSRyW3Oq3LA"
    },
    {
      "artist": "Vierre Cloud",
      "album": "moment",
      "track": "moment",
      "uri": "spotify:track:2JKIYl8KaAMzOR1dIzEO5f"
    },
    {
      "artist": "Toby Fox",
      "album": "UNDERTALE Soundtrack",
      "track": "His Theme",
      "uri": "spotify:track:46A71ZDLPRIFCppAdV2W6j"
    },
    {
      "artist": "Chay Vdvoyom",
      "album": "Белое платье",
      "track": "Просто друг",
      "uri": "spotify:track:6K5DS45fgqtZb7ba4zIbN1"
    },
    {
      "artist": "Антон Токарев",
      "album": "Седьмой лепесток",
      "track": "Седьмой лепесток",
      "uri": "spotify:track:6P4SAsG3RuIeGymX2Qou9L"
    },
    {
      "artist": "Valentin Strykalo",
      "album": "Смирись и расслабься",
      "track": "Всё решено",
      "uri": "spotify:track:1IFrnZEg64PhLkN6odmgCC"
    },
    {
      "artist": "Sergey Lazarev",
      "album": "The Best (Russian Edition)",
      "track": "7 Цифр",
      "uri": "spotify:track:02DDdvA9KjwSbVShx0cvnx"
    },
    {
      "artist": "Дора",
      "album": "Барбисайз",
      "track": "Барбисайз",
      "uri": "spotify:track:1AMf9lmFOmLmb0e57QB78e"
    },
    {
      "artist": "NF",
      "album": "Mansion",
      "track": "Can You Hold Me",
      "uri": "spotify:track:1isXdpzFMO6EIkgdWjV2D8"
    },
    {
      "artist": "LSP",
      "album": "ЁП",
      "track": "Номера",
      "uri": "spotify:track:5wpQBHcu2lNrhKwBzChNgP"
    },
    {
      "artist": "Imagine Dragons",
      "album": "Smoke + Mirrors",
      "track": "Warriors",
      "uri": "spotify:track:1sWeSMifj6Z6kZyI6z3bRc"
    },
    {
      "artist": "Ani Lorak",
      "album": "Новый бывший",
      "track": "Новый бывший",
      "uri": "spotify:track:4OpJ9i9phb7oUEGHecJ9cl"
    },
    {
      "artist": "Slava",
      "album": "Одиночество",
      "track": "Одиночество-сука",
      "uri": "spotify:track:4pxN6vY04ezvHWjCJLMWav"
    },
    {
      "artist": "ALEKS ATAMAN",
      "album": "Диалоги тет-а-тет",
      "track": "Диалоги тет-а-тет",
      "uri": "spotify:track:7qEZALeVloIwiz6tvX8ZUL"
    },
    {
      "artist": "The Living Tombstone",
      "album": "It's Been So Long",
      "track": "It's Been So Long",
      "uri": "spotify:track:463r5bsN1VqGXtaMctn4Rr"
    }
  ],
  "albums": [
    {
      "artist": "Korol i Shut",
      "album": "Акустический альбом",
      "uri": "spotify:album:56dGVHgkRzOfEmWDA1W0ov"
    }
  ],
  "shows": [
  ],
  "episodes": [
    {
      "name": "Miss wanna die",
      "show": "Miss wanna die ",
      "uri": "spotify:episode:2Rc3nDa95HXgda7A6hH5hU"
    }
  ],
  "bannedTracks": [
  ],
  "artists": [
    {
      "name": "The Living Tombstone",
      "uri": "spotify:artist:0I6yADrmeyvw66g7yjkqIF"
    }
  ],
  "bannedArtists": [
  ],
  "other": [
    "spotify:local:%D0%93%D1%80%D0%B8%D0%B3%D0%BE%D1%80%D0%B8%D0%B9+%D0%9B%D0%B5%D0%BF%D1%81:mp3uk.net:%D0%97%D0%B0%D1%80%D0%B0%D0%B7%D0%B0+%5Bmp3uk.net%5D:168",
    "spotify:local:Big+Baby+Tape+%26+kizaru::%D0%A1%D0%B5%D0%B4%D0%B0%D1%8F+%D0%BD%D0%BE%D1%87%D1%8C+%D0%BA%D0%B8%D0%B7%D0%B0%D1%80%D1%83:141"
  ]
}